time	Apparato	Banana	Mecate	Observar	Platforma
0.0	0	0	0	0	0
0.3	0	0	0	0	0
0.6	0	0	0	0	0
0.9	0	0	0	0	0
1.2	0	0	0	0	0
1.5	0	0	0	0	0
1.8	0	0	0	0	0
2.1	0	0	0	0	0
2.4	0	0	0	0	0
2.7	0	0	0	0	0
3.0	0	0	0	0	0
3.3	0	0	0	0	0
3.6	0	0	0	0	0
3.9	0	0	0	0	0
4.2	0	0	0	0	0
4.5	0	0	0	0	0
4.8	0	0	0	0	0
5.1	0	0	0	0	0
5.4	0	0	0	0	0
5.7	0	0	0	0	0
6.0	0	0	0	0	0
6.3	0	0	0	0	0
6.6	0	0	0	0	0
6.9	0	0	0	0	0
7.2	0	0	0	0	0
7.5	0	0	0	0	0
7.8	0	0	0	0	0
8.1	0	0	0	0	0
8.4	0	0	0	0	0
8.7	0	0	0	0	0
9.0	0	0	0	0	0
9.3	0	0	0	0	0
9.6	0	0	0	0	0
9.9	0	0	0	0	0
10.2	0	0	0	0	0
10.5	0	0	0	0	0
10.8	0	0	0	0	0
11.1	0	0	0	0	0
11.4	0	0	0	0	0
11.7	0	0	0	0	0
12.0	0	0	0	0	0
12.3	0	0	0	0	0
12.6	0	0	0	0	0
12.9	0	0	0	0	0
13.2	0	0	0	0	0
13.5	0	0	0	0	0
13.8	0	0	0	0	0
14.1	0	0	0	0	0
14.4	0	0	0	0	0
14.7	0	0	0	0	0
15.0	0	0	0	0	0
15.3	0	0	0	0	0
15.6	0	0	0	0	0
15.9	0	0	0	0	0
16.2	0	0	0	0	0
16.5	0	0	0	0	0
16.8	0	0	0	0	0
17.1	0	0	0	0	0
17.4	0	0	0	0	0
17.7	0	0	0	0	0
18.0	0	0	0	0	0
18.3	0	0	0	0	0
18.6	0	0	0	0	0
18.9	0	0	0	0	0
19.2	0	0	0	0	0
19.5	0	0	0	0	0
19.8	0	0	0	0	0
20.1	0	0	0	0	0
20.4	0	0	0	0	0
20.7	0	0	0	0	0
21.0	0	0	0	0	0
21.3	0	0	0	0	0
21.6	0	0	0	0	0
21.9	0	0	0	0	0
22.2	0	0	0	0	0
22.5	0	0	0	0	0
22.8	0	0	0	0	0
23.1	0	0	0	0	0
23.4	0	0	0	0	0
23.7	0	0	0	0	0
24.0	0	0	0	0	1
24.3	0	0	0	0	1
24.6	0	0	0	0	1
24.9	0	0	0	0	1
25.2	0	0	0	0	1
25.5	0	0	0	0	1
25.8	0	0	0	0	1
26.1	0	0	0	0	1
26.4	1	0	0	0	1
26.7	1	0	0	0	1
27.0	1	0	0	0	1
27.3	1	0	1	0	1
27.6	1	0	0	0	1
27.9	1	0	0	0	1
28.2	1	0	0	0	1
28.5	1	0	0	0	1
28.8	1	0	0	0	1
29.1	1	0	0	0	1
29.4	1	0	0	0	1
29.7	1	1	0	0	1
30.0	1	0	0	0	1
30.3	1	0	0	0	1
30.6	1	0	0	0	1
30.9	0	0	0	0	1
31.2	0	0	0	0	1
31.5	0	0	0	0	1
31.8	0	0	0	0	1
32.1	0	0	0	0	1
32.4	0	0	0	0	1
32.7	0	0	0	0	1
33.0	0	0	0	0	1
33.3	0	0	0	0	1
33.6	0	0	0	0	1
33.9	0	0	0	0	1
34.2	0	0	0	0	1
34.5	0	0	0	0	1
34.8	0	0	0	0	1
35.1	0	0	0	0	1
35.4	0	0	0	0	1
35.7	0	0	0	0	1
36.0	0	0	0	0	1
36.3	0	0	0	0	1
36.6	0	0	0	0	1
36.9	0	0	0	0	1
37.2	0	0	0	0	1
37.5	0	0	0	0	1
37.8	0	0	0	0	1
38.1	0	0	0	0	1
38.4	0	0	0	0	1
38.7	0	0	0	0	1
39.0	0	0	0	0	1
39.3	0	0	0	0	1
39.6	0	0	0	0	1
39.9	0	0	0	0	1
40.2	0	0	0	0	1
40.5	0	0	0	0	1
40.8	0	0	0	0	1
41.1	0	0	0	0	1
41.4	0	0	0	0	1
41.7	0	0	0	0	1
42.0	0	0	0	0	1
42.3	0	0	0	0	1
42.6	0	0	0	0	1
42.9	0	0	0	0	1
43.2	0	0	0	0	1
43.5	0	0	0	0	1
43.8	0	0	0	0	1
44.1	0	0	0	0	1
44.4	0	0	0	0	1
44.7	0	0	0	0	1
45.0	0	0	0	0	1
45.3	0	0	0	0	1
45.6	0	0	0	0	1
45.9	0	0	0	0	1
46.2	0	0	0	0	1
46.5	0	0	0	0	1
46.8	0	0	0	0	1
47.1	0	0	0	0	1
47.4	0	0	0	0	1
47.7	0	0	0	0	1
48.0	0	0	0	0	1
48.3	0	0	0	0	1
48.6	0	0	0	0	1
48.9	0	0	0	0	1
49.2	0	0	0	0	1
49.5	0	0	0	0	1
49.8	0	0	0	0	1
50.1	0	0	0	0	1
50.4	0	0	0	0	1
50.7	0	0	0	0	1
51.0	0	0	0	0	1
51.3	0	0	0	0	1
51.6	0	0	0	0	1
51.9	0	0	0	0	1
52.2	0	0	0	0	1
52.5	0	0	0	0	1
52.8	0	0	0	0	1
53.1	0	0	0	0	1
53.4	0	0	0	0	1
53.7	0	0	0	0	1
54.0	0	0	0	0	1
54.3	0	0	0	0	1
54.6	0	0	0	0	1
54.9	0	0	0	0	1
55.2	0	0	0	0	1
55.5	0	0	0	0	1
55.8	0	0	0	0	1
56.1	0	0	0	0	1
56.4	0	0	0	0	1
56.7	0	0	0	0	1
57.0	0	0	0	0	1
57.3	0	0	0	0	1
57.6	0	0	0	0	1
57.9	0	0	0	0	1
58.2	0	0	0	0	1
58.5	0	0	0	0	1
58.8	0	0	0	0	1
59.1	0	0	0	0	1
59.4	0	0	0	0	1
59.7	0	0	0	0	1
60.0	0	0	0	0	1
60.3	0	0	0	0	1
60.6	0	0	0	0	1
60.9	0	0	0	0	1
61.2	0	0	0	0	1
61.5	0	0	0	0	1
61.8	0	0	0	0	1
62.1	0	0	0	0	1
62.4	0	0	0	0	1
62.7	0	0	0	0	1
63.0	0	0	0	0	1
63.3	0	0	0	0	1
63.6	0	0	0	0	1
63.9	0	0	0	0	1
64.2	0	0	0	0	1
64.5	0	0	0	0	1
64.8	0	0	0	0	1
65.1	0	0	0	0	1
65.4	0	0	0	0	1
65.7	0	0	0	0	1
66.0	0	0	0	0	1
66.3	0	0	0	0	1
66.6	0	0	0	0	1
66.9	0	0	0	0	1
67.2	0	0	0	0	1
67.5	0	0	0	0	1
67.8	0	0	0	0	1
68.1	0	0	0	0	1
68.4	0	0	0	0	1
68.7	0	0	0	0	1
69.0	0	0	0	0	1
69.3	0	0	0	0	1
69.6	0	0	0	0	1
69.9	0	0	0	0	1
70.2	0	0	0	0	1
70.5	0	0	0	0	1
70.8	0	0	0	0	1
71.1	0	0	0	0	1
71.4	0	0	0	0	1
71.7	0	0	0	0	1
72.0	0	0	0	0	1
72.3	0	0	0	0	1
72.6	0	0	0	0	1
72.9	0	0	0	0	1
73.2	1	0	0	0	1
73.5	1	0	0	0	1
73.8	1	0	0	0	1
74.1	1	0	0	0	1
74.4	1	0	0	0	1
74.7	1	0	0	0	1
75.0	1	0	0	0	1
75.3	1	0	0	0	1
75.6	1	0	0	0	1
75.9	1	0	0	0	1
76.2	1	0	0	0	1
76.5	1	0	0	0	1
76.8	1	0	0	0	1
77.1	1	0	0	0	1
77.4	1	0	0	0	1
77.7	1	0	0	0	1
78.0	1	0	0	0	1
78.3	1	0	0	0	1
78.6	1	0	0	0	1
78.9	1	0	0	0	1
79.2	1	0	0	0	1
79.5	1	0	0	0	1
79.8	1	0	0	0	1
80.1	1	0	0	0	1
80.4	1	0	0	0	1
80.7	1	0	0	0	1
81.0	1	0	1	0	1
81.3	1	0	0	0	1
81.6	1	0	0	0	1
81.9	1	0	0	0	1
82.2	1	0	0	0	1
82.5	1	0	0	0	1
82.8	1	0	0	0	1
83.1	1	0	0	0	1
83.4	1	0	0	0	1
83.7	1	0	0	0	1
84.0	1	0	0	0	1
84.3	1	0	0	0	1
84.6	1	0	0	0	1
84.9	1	1	0	0	1
85.2	1	0	0	0	1
85.5	1	0	0	0	1
85.8	1	0	0	0	1
86.1	1	0	0	0	1
86.4	1	0	0	0	1
86.7	1	0	0	0	1
87.0	1	0	0	0	1
87.3	1	0	0	0	1
87.6	1	0	0	0	1
87.9	1	0	0	0	1
88.2	1	0	0	0	1
88.5	1	0	0	0	1
88.8	1	0	0	0	1
89.1	1	0	0	0	1
89.4	1	0	0	0	1
89.7	1	0	0	0	1
90.0	1	0	0	0	1
90.3	1	0	0	0	1
90.6	1	0	0	0	1
90.9	1	0	0	0	1
91.2	1	0	0	0	1
91.5	1	0	0	0	1
91.8	1	0	0	0	1
92.1	1	0	0	0	1
92.4	1	0	0	0	1
92.7	1	0	0	0	1
93.0	1	0	0	0	1
93.3	1	0	0	0	1
93.6	1	0	0	0	1
93.9	1	0	0	0	1
94.2	1	0	0	0	1
94.5	1	0	0	0	1
94.8	1	0	0	0	1
95.1	1	0	0	0	1
95.4	1	0	0	0	1
95.7	1	0	0	0	1
96.0	1	0	0	0	1
96.3	1	0	0	0	1
96.6	1	0	0	0	1
96.9	1	0	0	0	1
97.2	1	0	0	0	1
97.5	1	0	0	0	1
97.8	1	0	0	0	1
98.1	1	0	0	0	1
98.4	1	0	0	0	1
98.7	1	0	0	0	1
99.0	1	0	0	0	1
99.3	1	0	0	0	1
99.6	1	0	0	0	1
99.9	1	0	0	0	1
100.2	1	0	0	0	1
100.5	1	0	0	0	1
100.8	1	0	0	0	1
101.1	1	0	0	0	1
101.4	1	0	0	0	1
101.7	1	0	0	0	1
102.0	1	0	0	0	1
102.3	0	0	0	0	1
102.6	0	0	0	0	1
102.9	0	0	0	0	1
103.2	0	0	0	0	1
103.5	0	0	0	0	1
103.8	0	0	0	0	0
104.1	0	0	0	0	0
104.4	0	0	0	0	0
104.7	0	0	0	0	0
105.0	0	0	0	0	0
105.3	0	0	0	0	0
105.6	0	0	0	0	0
105.9	0	0	0	0	0
106.2	0	0	0	0	0
106.5	0	0	0	0	0
106.8	0	0	0	0	0
107.1	0	0	0	0	0
107.4	0	0	0	0	0
107.7	0	0	0	0	0
108.0	0	0	0	0	0
108.3	0	0	0	0	0
108.6	0	0	0	0	0
108.9	0	0	0	0	0
109.2	0	0	0	0	0
109.5	0	0	0	0	0
109.8	0	0	0	0	0
110.1	0	0	0	0	0
110.4	0	0	0	0	0
110.7	0	0	0	0	0
111.0	0	0	0	0	0
111.3	0	0	0	0	0
111.6	0	0	0	0	0
111.9	0	0	0	0	0
112.2	0	0	0	0	0
112.5	0	0	0	0	0
112.8	0	0	0	0	0
113.1	0	0	0	0	0
113.4	0	0	0	0	0
113.7	0	0	0	0	0
114.0	0	0	0	0	0
114.3	0	0	0	0	0
114.6	0	0	0	0	0
114.9	0	0	0	0	0
115.2	0	0	0	0	0
115.5	0	0	0	0	0
115.8	0	0	0	0	0
116.1	0	0	0	0	0
116.4	0	0	0	0	0
116.7	0	0	0	0	0
117.0	0	0	0	0	0
117.3	0	0	0	0	0
117.6	0	0	0	0	0
117.9	0	0	0	0	0
118.2	0	0	0	0	0
118.5	0	0	0	0	0
118.8	0	0	0	0	0
119.1	0	0	0	0	0
119.4	0	0	0	0	0
119.7	0	0	0	0	0
120.0	0	0	0	0	0
120.3	0	0	0	0	0
120.6	0	0	0	0	0
120.9	0	0	0	0	0
121.2	0	0	0	0	0
121.5	0	0	0	0	0
121.8	0	0	0	0	0
122.1	0	0	0	0	0
122.4	0	0	0	0	0
122.7	0	0	0	0	0
123.0	0	0	0	0	0
123.3	0	0	0	0	0
123.6	0	0	0	0	0
123.9	0	0	0	0	0
124.2	0	0	0	0	0
124.5	0	0	0	0	0
124.8	0	0	0	0	0
125.1	0	0	0	0	0
125.4	0	0	0	0	0
125.7	0	0	0	0	0
126.0	0	0	0	0	0
126.3	0	0	0	0	0
126.6	0	0	0	0	0
126.9	0	0	0	0	0
127.2	0	0	0	0	0
127.5	0	0	0	0	0
127.8	0	0	0	0	0
128.1	0	0	0	0	0
128.4	0	0	0	0	0
128.7	0	0	0	0	0
129.0	0	0	0	0	0
129.3	0	0	0	0	0
129.6	0	0	0	0	0
129.9	0	0	0	0	0
130.2	0	0	0	0	0
130.5	0	0	0	0	0
130.8	0	0	0	0	0
131.1	0	0	0	0	0
131.4	0	0	0	0	0
131.7	0	0	0	0	0
132.0	0	0	0	0	0
132.3	0	0	0	0	0
132.6	0	0	0	0	0
132.9	0	0	0	0	0
133.2	0	0	0	0	0
133.5	0	0	0	0	0
133.8	0	0	0	0	0
134.1	0	0	0	0	0
134.4	0	0	0	0	0
134.7	0	0	0	0	0
135.0	0	0	0	0	0
135.3	0	0	0	0	0
135.6	0	0	0	0	0
135.9	0	0	0	0	0
136.2	0	0	0	0	0
136.5	0	0	0	0	0
136.8	0	0	0	0	0
137.1	0	0	0	0	0
137.4	0	0	0	0	0
137.7	0	0	0	0	0
138.0	0	0	0	0	0
138.3	0	0	0	0	0
138.6	0	0	0	0	0
138.9	0	0	0	0	0
139.2	0	0	0	0	0
139.5	0	0	0	0	0
139.8	0	0	0	0	0
140.1	0	0	0	0	0
140.4	0	0	0	0	0
140.7	0	0	0	0	0
141.0	0	0	0	0	0
141.3	0	0	0	0	0
141.6	0	0	0	0	0
141.9	0	0	0	0	0
142.2	0	0	0	0	0
142.5	0	0	0	0	0
142.8	0	0	0	0	0
143.1	0	0	0	0	0
143.4	0	0	0	0	0
143.7	0	0	0	0	0
144.0	0	0	0	0	0
144.3	0	0	0	0	0
144.6	0	0	0	0	0
144.9	0	0	0	0	0
145.2	0	0	0	0	0
145.5	0	0	0	0	0
145.8	0	0	0	0	0
146.1	0	0	0	0	0
146.4	0	0	0	0	0
146.7	0	0	0	0	0
147.0	0	0	0	0	0
147.3	0	0	0	0	0
147.6	0	0	0	0	0
147.9	0	0	0	0	0
148.2	0	0	0	0	0
148.5	0	0	0	0	0
148.8	0	0	0	0	0
149.1	0	0	0	0	0
149.4	0	0	0	0	0
149.7	0	0	0	0	0
150.0	0	0	0	0	0
150.3	0	0	0	0	0
150.6	0	0	0	0	0
150.9	0	0	0	0	0
151.2	0	0	0	0	0
151.5	0	0	0	0	0
151.8	0	0	0	0	0
152.1	0	0	0	0	0
152.4	0	0	0	0	0
152.7	0	0	0	0	0
153.0	0	0	0	0	0
153.3	0	0	0	0	0
153.6	0	0	0	0	0
153.9	0	0	0	0	0
154.2	0	0	0	0	0
154.5	0	0	0	0	0
154.8	0	0	0	0	0
155.1	0	0	0	0	0
155.4	0	0	0	0	0
155.7	0	0	0	0	0
156.0	0	0	0	0	0
156.3	0	0	0	0	0
156.6	0	0	0	0	0
156.9	0	0	0	0	0
157.2	0	0	0	0	0
157.5	0	0	0	0	0
157.8	0	0	0	0	0
158.1	0	0	0	0	0
158.4	0	0	0	0	0
158.7	0	0	0	0	0
159.0	0	0	0	0	0
159.3	0	0	0	0	0
159.6	0	0	0	0	0
159.9	0	0	0	0	0
160.2	0	0	0	0	0
160.5	0	0	0	0	0
160.8	0	0	0	0	0
161.1	0	0	0	0	0
161.4	0	0	0	0	0
161.7	0	0	0	0	0
162.0	0	0	0	0	0
162.3	0	0	0	0	0
162.6	0	0	0	0	0
162.9	0	0	0	0	0
163.2	0	0	0	0	0
163.5	0	0	0	0	0
163.8	0	0	0	0	0
164.1	0	0	0	0	0
164.4	0	0	0	0	0
164.7	0	0	0	0	0
165.0	0	0	0	0	0
165.3	0	0	0	0	0
165.6	0	0	0	0	0
165.9	0	0	0	0	0
166.2	0	0	0	0	0
166.5	0	0	0	0	0
166.8	0	0	0	0	0
167.1	0	0	0	0	0
167.4	0	0	0	0	0
167.7	0	0	0	0	0
168.0	0	0	0	0	0
168.3	0	0	0	0	0
168.6	0	0	0	0	0
168.9	0	0	0	0	0
169.2	0	0	0	0	0
169.5	0	0	0	0	0
169.8	0	0	0	0	0
170.1	0	0	0	0	0
170.4	0	0	0	0	0
170.7	0	0	0	0	0
171.0	0	0	0	0	0
171.3	0	0	0	0	0
171.6	0	0	0	0	0
171.9	0	0	0	0	0
172.2	0	0	0	0	0
172.5	0	0	0	0	0
172.8	0	0	0	0	0
173.1	0	0	0	0	0
173.4	0	0	0	0	0
173.7	0	0	0	0	0
174.0	0	0	0	0	0
174.3	0	0	0	0	0
174.6	0	0	0	0	0
174.9	0	0	0	0	0
175.2	0	0	0	0	0
175.5	0	0	0	0	0
175.8	0	0	0	0	0
176.1	0	0	0	0	0
176.4	0	0	0	0	0
176.7	0	0	0	0	0
177.0	0	0	0	0	0
177.3	0	0	0	0	0
177.6	0	0	0	0	0
177.9	0	0	0	0	0
178.2	0	0	0	0	0
178.5	0	0	0	0	0
178.8	0	0	0	0	0
179.1	0	0	0	0	0
179.4	0	0	0	0	0
179.7	0	0	0	0	0
180.0	0	0	0	0	0
180.3	0	0	0	0	0
180.6	0	0	0	0	0
180.9	0	0	0	0	0
181.2	0	0	0	0	0
181.5	0	0	0	0	0
181.8	0	0	0	0	0
182.1	0	0	0	0	0
182.4	0	0	0	0	0
182.7	0	0	0	0	0
183.0	0	0	0	0	0
183.3	0	0	0	0	0
183.6	0	0	0	0	0
183.9	0	0	0	0	0
184.2	0	0	0	0	0
184.5	0	0	0	0	0
184.8	0	0	0	0	0
185.1	0	0	0	0	0
185.4	0	0	0	0	0
185.7	0	0	0	0	0
186.0	0	0	0	0	0
186.3	0	0	0	0	0
186.6	0	0	0	0	0
186.9	0	0	0	0	0
187.2	0	0	0	0	0
187.5	0	0	0	0	0
187.8	0	0	0	0	0
188.1	0	0	0	0	0
188.4	0	0	0	0	0
188.7	0	0	0	0	0
189.0	0	0	0	0	0
189.3	0	0	0	0	0
189.6	0	0	0	0	0
189.9	0	0	0	0	0
190.2	0	0	0	0	0
190.5	0	0	0	0	0
190.8	0	0	0	0	0
191.1	0	0	0	0	0
191.4	0	0	0	0	0
191.7	0	0	0	0	0
192.0	0	0	0	0	0
192.3	0	0	0	0	0
192.6	0	0	0	0	0
192.9	0	0	0	0	0
193.2	0	0	0	0	0
193.5	0	0	0	0	0
193.8	0	0	0	0	0
194.1	0	0	0	0	0
194.4	0	0	0	0	0
194.7	0	0	0	0	0
195.0	0	0	0	0	0
195.3	0	0	0	0	0
195.6	0	0	0	0	0
195.9	0	0	0	0	0
196.2	0	0	0	0	0
196.5	0	0	0	0	0
196.8	0	0	0	0	0
197.1	0	0	0	0	0
197.4	0	0	0	0	0
197.7	0	0	0	0	0
198.0	0	0	0	0	0
198.3	0	0	0	0	0
198.6	0	0	0	0	0
198.9	0	0	0	0	0
199.2	0	0	0	0	0
199.5	0	0	0	0	0
199.8	0	0	0	0	0
200.1	0	0	0	0	0
200.4	0	0	0	0	0
200.7	0	0	0	0	0
201.0	0	0	0	0	0
201.3	0	0	0	0	0
201.6	0	0	0	0	0
201.9	0	0	0	0	0
202.2	0	0	0	0	0
202.5	0	0	0	0	0
202.8	0	0	0	0	0
203.1	0	0	0	0	0
203.4	0	0	0	0	0
203.7	0	0	0	0	0
204.0	0	0	0	0	0
204.3	0	0	0	0	0
204.6	0	0	0	0	0
204.9	0	0	0	0	0
205.2	0	0	0	0	0
205.5	0	0	0	0	0
205.8	0	0	0	0	0
206.1	0	0	0	0	0
206.4	0	0	0	0	0
206.7	0	0	0	0	0
207.0	0	0	0	0	0
207.3	0	0	0	0	0
207.6	0	0	0	0	0
207.9	0	0	0	0	0
208.2	0	0	0	0	0
208.5	0	0	0	0	0
208.8	0	0	0	0	0
209.1	0	0	0	0	0
209.4	0	0	0	0	0
209.7	0	0	0	0	0
210.0	0	0	0	0	0
210.3	0	0	0	0	0
210.6	0	0	0	0	0
210.9	0	0	0	0	0
211.2	0	0	0	0	0
211.5	0	0	0	0	0
211.8	0	0	0	0	0
212.1	0	0	0	0	0
212.4	0	0	0	0	0
212.7	0	0	0	0	0
213.0	0	0	0	0	0
213.3	0	0	0	0	0
213.6	0	0	0	0	0
213.9	0	0	0	0	0
214.2	0	0	0	0	0
214.5	0	0	0	0	0
214.8	0	0	0	0	0
215.1	0	0	0	0	0
215.4	0	0	0	0	0
215.7	0	0	0	0	0
216.0	0	0	0	0	0
216.3	0	0	0	0	0
216.6	0	0	0	0	0
216.9	0	0	0	0	0
217.2	0	0	0	0	0
217.5	0	0	0	0	0
217.8	0	0	0	0	0
218.1	0	0	0	0	0
218.4	0	0	0	0	0
218.7	0	0	0	0	0
219.0	0	0	0	0	0
219.3	0	0	0	0	0
219.6	0	0	0	0	0
219.9	0	0	0	0	0
220.2	0	0	0	0	0
220.5	0	0	0	0	0
220.8	0	0	0	0	0
221.1	0	0	0	0	0
221.4	0	0	0	0	0
221.7	0	0	0	0	0
222.0	0	0	0	0	0
222.3	0	0	0	0	0
222.6	0	0	0	0	0
222.9	0	0	0	0	0
223.2	0	0	0	0	0
223.5	0	0	0	0	0
223.8	0	0	0	0	0
224.1	0	0	0	0	0
224.4	0	0	0	0	0
224.7	0	0	0	0	0
225.0	0	0	0	0	0
225.3	0	0	0	0	0
225.6	0	0	0	0	0
225.9	0	0	0	0	0
226.2	0	0	0	0	0
226.5	0	0	0	0	0
226.8	0	0	0	0	0
227.1	0	0	0	0	0
227.4	0	0	0	0	0
227.7	0	0	0	0	0
228.0	0	0	0	0	0
228.3	0	0	0	0	0
228.6	0	0	0	0	0
228.9	0	0	0	0	0
229.2	0	0	0	0	0
229.5	0	0	0	0	0
229.8	0	0	0	0	0
230.1	0	0	0	0	0
230.4	0	0	0	0	0
230.7	0	0	0	0	0
231.0	0	0	0	0	0
231.3	0	0	0	0	0
231.6	0	0	0	0	0
231.9	0	0	0	0	0
232.2	0	0	0	0	0
232.5	0	0	0	0	0
232.8	0	0	0	0	0
233.1	0	0	0	0	0
233.4	0	0	0	0	0
233.7	0	0	0	0	0
234.0	0	0	0	0	0
234.3	0	0	0	0	0
234.6	0	0	0	0	0
234.9	0	0	0	0	0
235.2	0	0	0	0	0
235.5	0	0	0	0	0
235.8	0	0	0	0	0
236.1	0	0	0	0	0
236.4	0	0	0	0	0
236.7	0	0	0	0	0
237.0	0	0	0	0	0
237.3	0	0	0	0	0
237.6	0	0	0	0	0
237.9	0	0	0	0	0
238.2	0	0	0	0	0
238.5	0	0	0	0	0
238.8	0	0	0	0	0
239.1	0	0	0	0	0
239.4	0	0	0	0	0
239.7	0	0	0	0	0
240.0	0	0	0	0	0
240.3	0	0	0	0	0
240.6	0	0	0	0	0
240.9	0	0	0	0	0
241.2	0	0	0	0	0
241.5	0	0	0	0	0
241.8	0	0	0	0	0
242.1	0	0	0	0	0
242.4	0	0	0	0	0
242.7	0	0	0	0	0
243.0	0	0	0	0	0
243.3	0	0	0	0	0
243.6	0	0	0	0	0
243.9	0	0	0	0	0
244.2	0	0	0	0	0
244.5	0	0	0	0	0
244.8	0	0	0	0	0
245.1	0	0	0	0	0
245.4	0	0	0	0	0
245.7	0	0	0	0	0
246.0	0	0	0	0	0
246.3	0	0	0	0	0
246.6	0	0	0	0	0
246.9	0	0	0	0	0
247.2	0	0	0	0	0
247.5	0	0	0	0	0
247.8	0	0	0	0	0
248.1	0	0	0	0	0
248.4	0	0	0	0	0
248.7	0	0	0	0	0
249.0	0	0	0	0	0
249.3	0	0	0	0	0
249.6	0	0	0	0	0
249.9	0	0	0	0	0
250.2	0	0	0	0	0
250.5	0	0	0	0	0
250.8	0	0	0	0	0
251.1	0	0	0	0	0
251.4	0	0	0	0	0
251.7	0	0	0	0	0
252.0	0	0	0	0	0
252.3	0	0	0	0	0
252.6	0	0	0	0	0
252.9	0	0	0	0	0
253.2	0	0	0	0	0
253.5	0	0	0	0	0
253.8	0	0	0	0	0
254.1	0	0	0	0	0
254.4	0	0	0	0	0
254.7	0	0	0	0	0
255.0	0	0	0	0	0
255.3	0	0	0	0	0
255.6	0	0	0	0	0
255.9	0	0	0	0	0
256.2	0	0	0	0	0
256.5	0	0	0	0	0
256.8	0	0	0	0	0
257.1	0	0	0	0	0
257.4	0	0	0	0	0
257.7	0	0	0	0	0
258.0	0	0	0	0	0
258.3	0	0	0	0	0
258.6	0	0	0	0	0
258.9	0	0	0	0	0
259.2	0	0	0	0	0
259.5	0	0	0	0	0
259.8	0	0	0	0	0
260.1	0	0	0	0	0
260.4	0	0	0	0	0
260.7	0	0	0	0	0
261.0	0	0	0	0	0
261.3	0	0	0	0	0
261.6	0	0	0	0	0
261.9	0	0	0	0	0
262.2	0	0	0	0	0
262.5	0	0	0	0	0
262.8	0	0	0	0	0
263.1	0	0	0	0	0
263.4	0	0	0	0	0
263.7	0	0	0	0	0
264.0	0	0	0	0	0
264.3	0	0	0	0	0
264.6	0	0	0	0	0
264.9	0	0	0	0	0
265.2	0	0	0	0	0
265.5	0	0	0	0	0
265.8	0	0	0	0	0
266.1	0	0	0	0	0
266.4	0	0	0	0	0
266.7	0	0	0	0	0
267.0	0	0	0	0	0
267.3	0	0	0	0	0
267.6	0	0	0	0	0
267.9	0	0	0	0	0
268.2	0	0	0	0	0
268.5	0	0	0	0	0
268.8	0	0	0	0	0
269.1	0	0	0	0	0
269.4	0	0	0	0	0
269.7	0	0	0	0	0
270.0	0	0	0	0	0
270.3	0	0	0	0	0
270.6	0	0	0	0	0
270.9	0	0	0	0	0
271.2	0	0	0	0	0
271.5	0	0	0	0	0
271.8	0	0	0	0	0
272.1	0	0	0	0	0
272.4	0	0	0	0	0
272.7	0	0	0	0	0
273.0	0	0	0	0	0
273.3	0	0	0	0	0
273.6	0	0	0	0	0
273.9	0	0	0	0	0
274.2	0	0	0	0	0
274.5	0	0	0	0	0
274.8	0	0	0	0	0
275.1	0	0	0	0	0
275.4	0	0	0	0	0
275.7	0	0	0	0	0
276.0	0	0	0	0	0
276.3	0	0	0	0	0
276.6	0	0	0	0	0
276.9	0	0	0	0	0
277.2	0	0	0	0	0
277.5	0	0	0	0	0
277.8	0	0	0	0	0
278.1	0	0	0	0	0
278.4	0	0	0	0	0
278.7	0	0	0	0	0
279.0	0	0	0	0	0
279.3	0	0	0	0	0
279.6	0	0	0	0	0
279.9	0	0	0	0	0
280.2	0	0	0	0	0
280.5	0	0	0	0	0
280.8	0	0	0	0	0
281.1	0	0	0	0	0
281.4	0	0	0	0	0
281.7	0	0	0	0	0
282.0	0	0	0	0	0
282.3	0	0	0	0	0
282.6	0	0	0	0	0
282.9	0	0	0	0	0
283.2	0	0	0	0	0
283.5	0	0	0	0	0
283.8	0	0	0	0	0
284.1	0	0	0	0	0
284.4	0	0	0	0	0
284.7	0	0	0	0	0
285.0	0	0	0	0	0
285.3	0	0	0	0	0
285.6	0	0	0	0	0
285.9	0	0	0	0	0
286.2	0	0	0	0	0
286.5	0	0	0	0	0
286.8	0	0	0	0	0
287.1	0	0	0	0	0
287.4	0	0	0	0	0
287.7	0	0	0	0	0
288.0	0	0	0	0	0
288.3	0	0	0	0	0
288.6	0	0	0	0	0
288.9	0	0	0	0	0
289.2	0	0	0	0	0
289.5	0	0	0	0	0
289.8	0	0	0	0	0
290.1	0	0	0	0	0
290.4	0	0	0	0	0
290.7	0	0	0	0	0
291.0	0	0	0	0	0
291.3	0	0	0	0	0
291.6	0	0	0	0	0
291.9	0	0	0	0	0
292.2	0	0	0	0	0
292.5	0	0	0	0	0
292.8	0	0	0	0	0
293.1	0	0	0	0	0
293.4	0	0	0	0	0
293.7	0	0	0	0	0
294.0	0	0	0	0	0
294.3	0	0	0	0	0
294.6	0	0	0	0	0
294.9	0	0	0	0	0
295.2	0	0	0	0	0
295.5	0	0	0	0	0
295.8	0	0	0	0	0
296.1	0	0	0	0	0
296.4	0	0	0	0	0
296.7	0	0	0	0	0
297.0	0	0	0	0	0
297.3	0	0	0	0	0
297.6	0	0	0	0	0
297.9	0	0	0	0	0
298.2	0	0	0	0	0
298.5	0	0	0	0	0
298.8	0	0	0	0	0
299.1	0	0	0	0	0
299.4	0	0	0	0	0
299.7	0	0	0	0	0
300.0	0	0	0	0	0
300.3	0	0	0	0	0
300.6	0	0	0	0	0
300.9	0	0	0	0	0
301.2	0	0	0	0	0
301.5	0	0	0	0	0
301.8	0	0	0	0	0
302.1	0	0	0	0	0
302.4	0	0	0	0	0
302.7	0	0	0	0	0
303.0	0	0	0	0	0
303.3	0	0	0	0	0
303.6	0	0	0	0	0
303.9	0	0	0	0	0
304.2	0	0	0	0	0
304.5	0	0	0	0	0
304.8	0	0	0	0	0
305.1	0	0	0	0	0
305.4	0	0	0	0	0
305.7	0	0	0	0	0
306.0	0	0	0	0	0
306.3	0	0	0	0	0
306.6	0	0	0	0	0
306.9	0	0	0	0	0
307.2	0	0	0	0	0
307.5	0	0	0	0	0
307.8	0	0	0	0	0
308.1	0	0	0	0	0
308.4	0	0	0	0	0
308.7	0	0	0	0	0
309.0	0	0	0	0	0
309.3	0	0	0	0	0
309.6	0	0	0	0	0
309.9	0	0	0	0	0
310.2	0	0	0	0	0
310.5	0	0	0	0	0
310.8	0	0	0	0	0
311.1	0	0	0	0	0
311.4	0	0	0	0	0
311.7	0	0	0	0	0
312.0	0	0	0	0	0
312.3	0	0	0	0	0
312.6	0	0	0	0	0
312.9	0	0	0	0	0
313.2	0	0	0	0	0
313.5	0	0	0	0	0
313.8	0	0	0	0	0
314.1	0	0	0	0	0
314.4	0	0	0	0	0
314.7	0	0	0	0	0
315.0	0	0	0	0	0
315.3	0	0	0	0	0
315.6	0	0	0	0	0
315.9	0	0	0	0	0
316.2	0	0	0	0	0
316.5	0	0	0	0	0
316.8	0	0	0	0	0
317.1	0	0	0	0	0
317.4	0	0	0	0	0
317.7	0	0	0	0	0
318.0	0	0	0	0	0
318.3	0	0	0	0	0
318.6	0	0	0	0	0
318.9	0	0	0	0	0
319.2	0	0	0	0	0
319.5	0	0	0	0	0
319.8	0	0	0	0	0
320.1	0	0	0	0	0
320.4	0	0	0	0	0
320.7	0	0	0	0	0
321.0	0	0	0	0	0
321.3	0	0	0	0	0
321.6	0	0	0	0	0
321.9	0	0	0	0	0
322.2	0	0	0	0	0
322.5	0	0	0	0	0
322.8	0	0	0	0	0
323.1	0	0	0	0	0
323.4	0	0	0	0	0
323.7	0	0	0	0	0
324.0	0	0	0	0	0
324.3	0	0	0	0	0
324.6	0	0	0	0	0
324.9	0	0	0	0	0
325.2	0	0	0	0	0
325.5	0	0	0	0	0
325.8	0	0	0	0	0
326.1	0	0	0	0	0
326.4	0	0	0	0	0
326.7	0	0	0	0	0
327.0	0	0	0	0	0
327.3	0	0	0	0	0
327.6	0	0	0	0	0
327.9	0	0	0	0	0
328.2	0	0	0	0	0
328.5	0	0	0	0	0
328.8	0	0	0	0	0
329.1	0	0	0	0	0
329.4	0	0	0	0	0
329.7	0	0	0	0	0
330.0	0	0	0	0	0
330.3	0	0	0	0	0
330.6	0	0	0	0	0
330.9	0	0	0	0	0
331.2	0	0	0	0	0
331.5	0	0	0	0	0
331.8	0	0	0	0	0
332.1	0	0	0	0	0
332.4	0	0	0	0	0
332.7	0	0	0	0	0
333.0	0	0	0	0	0
333.3	0	0	0	0	0
333.6	0	0	0	0	0
333.9	0	0	0	0	0
334.2	0	0	0	0	0
334.5	0	0	0	0	0
334.8	0	0	0	0	0
335.1	0	0	0	0	0
335.4	0	0	0	0	0
335.7	0	0	0	0	0
336.0	0	0	0	0	0
336.3	0	0	0	0	0
336.6	0	0	0	0	0
336.9	0	0	0	0	0
337.2	0	0	0	0	0
337.5	0	0	0	0	0
337.8	0	0	0	0	0
338.1	0	0	0	0	0
338.4	0	0	0	0	0
338.7	0	0	0	0	0
339.0	0	0	0	0	0
339.3	0	0	0	0	0
339.6	0	0	0	0	0
339.9	0	0	0	0	0
340.2	0	0	0	0	0
340.5	0	0	0	0	0
340.8	0	0	0	0	0
341.1	0	0	0	0	0
341.4	0	0	0	0	0
341.7	0	0	0	0	0
342.0	0	0	0	0	0
342.3	0	0	0	0	0
342.6	0	0	0	0	0
342.9	0	0	0	0	0
343.2	0	0	0	0	0
343.5	0	0	0	0	0
343.8	0	0	0	0	0
344.1	0	0	0	0	0
344.4	0	0	0	0	0
344.7	0	0	0	0	0
345.0	0	0	0	0	0
345.3	0	0	0	0	0
345.6	0	0	0	0	0
345.9	0	0	0	0	0
346.2	0	0	0	0	0
346.5	0	0	0	0	0
346.8	0	0	0	0	0
347.1	0	0	0	0	0
347.4	0	0	0	0	0
347.7	0	0	0	0	0
348.0	0	0	0	0	0
348.3	0	0	0	0	0
348.6	0	0	0	0	0
348.9	0	0	0	0	0
349.2	0	0	0	0	0
349.5	0	0	0	0	0
349.8	0	0	0	0	0
350.1	0	0	0	0	0
350.4	0	0	0	0	0
350.7	0	0	0	0	0
351.0	0	0	0	0	0
351.3	0	0	0	0	0
351.6	0	0	0	0	0
351.9	0	0	0	0	0
352.2	0	0	0	0	0
352.5	0	0	0	0	0
352.8	0	0	0	0	0
353.1	0	0	0	0	0
353.4	0	0	0	0	0
353.7	0	0	0	0	0
354.0	0	0	0	0	0
354.3	0	0	0	0	0
354.6	0	0	0	0	0
354.9	0	0	0	0	0
355.2	0	0	0	0	0
355.5	0	0	0	0	0
355.8	0	0	0	0	0
356.1	0	0	0	0	0
356.4	0	0	0	0	0
356.7	0	0	0	0	0
357.0	0	0	0	0	0
357.3	0	0	0	0	0
357.6	0	0	0	0	0
357.9	0	0	0	0	0
358.2	0	0	0	0	0
358.5	0	0	0	0	0
358.8	0	0	0	0	0
359.1	0	0	0	0	0
359.4	0	0	0	0	0
359.7	0	0	0	0	0
360.0	0	0	0	0	0
360.3	0	0	0	0	0
360.6	0	0	0	0	0
360.9	0	0	0	0	0
361.2	0	0	0	0	0
361.5	0	0	0	0	0
361.8	0	0	0	0	0
362.1	0	0	0	0	0
362.4	0	0	0	0	0
362.7	0	0	0	0	0
363.0	0	0	0	0	0
363.3	0	0	0	0	0
363.6	0	0	0	0	0
363.9	0	0	0	0	0
364.2	0	0	0	0	0
364.5	0	0	0	0	0
364.8	0	0	0	0	0
365.1	0	0	0	0	0
365.4	0	0	0	0	0
365.7	0	0	0	0	0
366.0	0	0	0	0	0
366.3	0	0	0	0	0
366.6	0	0	0	0	0
366.9	0	0	0	0	0
367.2	0	0	0	0	0
367.5	0	0	0	0	0
367.8	0	0	0	0	0
368.1	0	0	0	0	0
368.4	0	0	0	0	0
368.7	0	0	0	0	0
369.0	0	0	0	0	0
369.3	0	0	0	0	0
369.6	0	0	0	0	0
369.9	0	0	0	0	0
370.2	0	0	0	0	0
370.5	0	0	0	0	0
370.8	0	0	0	0	0
371.1	0	0	0	0	0
371.4	0	0	0	0	0
371.7	0	0	0	0	0
372.0	0	0	0	0	0
372.3	0	0	0	0	0
372.6	0	0	0	0	0
372.9	0	0	0	0	0
373.2	0	0	0	0	0
373.5	0	0	0	0	0
373.8	0	0	0	0	0
374.1	0	0	0	0	0
374.4	0	0	0	0	0
374.7	0	0	0	0	0
375.0	0	0	0	0	0
375.3	0	0	0	0	0
375.6	0	0	0	0	0
375.9	0	0	0	0	0
376.2	0	0	0	0	0
376.5	0	0	0	0	0
376.8	0	0	0	0	0
377.1	0	0	0	0	0
377.4	0	0	0	0	0
377.7	0	0	0	0	0
378.0	0	0	0	0	0
378.3	0	0	0	0	0
378.6	0	0	0	0	0
378.9	0	0	0	0	0
379.2	0	0	0	0	0
379.5	0	0	0	0	0
379.8	0	0	0	0	0
380.1	0	0	0	0	0
380.4	0	0	0	0	0
380.7	0	0	0	0	0
381.0	0	0	0	0	0
381.3	0	0	0	0	0
381.6	0	0	0	0	0
381.9	0	0	0	0	0
382.2	0	0	0	0	0
382.5	0	0	0	0	0
382.8	0	0	0	0	0
383.1	0	0	0	0	0
383.4	0	0	0	0	0
383.7	0	0	0	0	0
384.0	0	0	0	0	0
384.3	0	0	0	0	0
384.6	0	0	0	0	0
384.9	0	0	0	0	0
385.2	0	0	0	0	0
385.5	0	0	0	0	0
385.8	0	0	0	0	0
386.1	0	0	0	0	0
386.4	0	0	0	0	0
386.7	0	0	0	0	0
387.0	0	0	0	0	0
387.3	0	0	0	0	0
387.6	0	0	0	0	0
387.9	0	0	0	0	0
388.2	0	0	0	0	0
388.5	0	0	0	0	0
388.8	0	0	0	0	0
389.1	0	0	0	0	0
389.4	0	0	0	0	0
389.7	0	0	0	0	0
390.0	0	0	0	0	0
390.3	0	0	0	0	0
390.6	0	0	0	0	0
390.9	0	0	0	0	0
391.2	0	0	0	0	0
391.5	0	0	0	0	0
391.8	0	0	0	0	0
392.1	0	0	0	0	0
392.4	0	0	0	0	0
392.7	0	0	0	0	0
393.0	0	0	0	0	0
393.3	0	0	0	0	0
393.6	0	0	0	0	0
393.9	0	0	0	0	0
394.2	0	0	0	0	0
394.5	0	0	0	0	0
394.8	0	0	0	0	0
395.1	0	0	0	0	0
395.4	0	0	0	0	0
395.7	0	0	0	0	0
396.0	0	0	0	0	0
396.3	0	0	0	0	0
396.6	0	0	0	0	0
396.9	0	0	0	0	0
397.2	0	0	0	0	0
397.5	0	0	0	0	0
397.8	0	0	0	0	0
398.1	0	0	0	0	0
398.4	0	0	0	0	0
398.7	0	0	0	0	0
399.0	0	0	0	0	0
399.3	0	0	0	0	0
399.6	0	0	0	0	0
399.9	0	0	0	0	0
400.2	0	0	0	0	0
400.5	0	0	0	0	0
400.8	0	0	0	0	0
401.1	0	0	0	0	0
401.4	0	0	0	0	0
401.7	0	0	0	0	0
402.0	0	0	0	0	0
402.3	0	0	0	0	0
402.6	0	0	0	0	0
402.9	0	0	0	0	0
403.2	0	0	0	0	0
403.5	0	0	0	0	0
403.8	0	0	0	0	0
404.1	0	0	0	0	0
404.4	0	0	0	0	0
404.7	0	0	0	0	0
405.0	0	0	0	0	0
405.3	0	0	0	0	0
405.6	0	0	0	0	0
405.9	0	0	0	0	0
406.2	0	0	0	0	0
406.5	0	0	0	0	0
406.8	0	0	0	0	0
407.1	0	0	0	0	0
407.4	0	0	0	0	0
407.7	0	0	0	0	0
408.0	0	0	0	0	0
408.3	0	0	0	0	0
408.6	0	0	0	0	0
408.9	0	0	0	0	0
409.2	0	0	0	0	0
409.5	0	0	0	0	0
409.8	0	0	0	0	0
410.1	0	0	0	0	0
410.4	0	0	0	0	0
410.7	0	0	0	0	0
411.0	0	0	0	0	0
411.3	0	0	0	0	0
411.6	0	0	0	0	0
411.9	0	0	0	0	0
412.2	0	0	0	0	0
412.5	0	0	0	0	0
412.8	0	0	0	0	0
413.1	0	0	0	0	0
413.4	0	0	0	0	0
413.7	0	0	0	0	0
414.0	0	0	0	0	0
414.3	0	0	0	0	0
414.6	0	0	0	0	0
414.9	0	0	0	0	0
415.2	0	0	0	0	0
415.5	0	0	0	0	0
415.8	0	0	0	0	0
416.1	0	0	0	0	0
416.4	0	0	0	0	0
416.7	0	0	0	0	0
417.0	0	0	0	0	0
417.3	0	0	0	0	0
417.6	0	0	0	0	0
417.9	0	0	0	0	0
418.2	0	0	0	0	0
418.5	0	0	0	0	0
418.8	0	0	0	0	0
419.1	0	0	0	0	0
419.4	0	0	0	0	0
419.7	0	0	0	0	0
420.0	0	0	0	0	0
420.3	0	0	0	0	0
420.6	0	0	0	0	0
420.9	0	0	0	0	0
421.2	0	0	0	0	0
421.5	0	0	0	0	0
421.8	0	0	0	0	0
422.1	0	0	0	0	0
422.4	0	0	0	0	0
422.7	0	0	0	0	0
423.0	0	0	0	0	0
423.3	0	0	0	0	0
423.6	0	0	0	0	0
423.9	0	0	0	0	0
424.2	0	0	0	0	0
424.5	0	0	0	0	0
424.8	0	0	0	0	0
425.1	0	0	0	0	0
425.4	0	0	0	0	0
425.7	0	0	0	0	0
426.0	0	0	0	0	0
426.3	0	0	0	0	0
426.6	0	0	0	0	0
426.9	0	0	0	0	0
427.2	0	0	0	0	0
427.5	0	0	0	0	0
427.8	0	0	0	0	0
428.1	0	0	0	0	0
428.4	0	0	0	0	0
428.7	0	0	0	0	0
429.0	0	0	0	0	0
429.3	0	0	0	0	0
429.6	0	0	0	0	0
429.9	0	0	0	0	0
430.2	0	0	0	0	0
430.5	0	0	0	0	0
430.8	0	0	0	0	0
431.1	0	0	0	0	0
431.4	0	0	0	0	0
431.7	0	0	0	0	0
432.0	0	0	0	0	0
432.3	0	0	0	0	0
432.6	0	0	0	0	0
432.9	0	0	0	0	0
433.2	0	0	0	0	0
433.5	0	0	0	0	0
433.8	0	0	0	0	0
434.1	0	0	0	0	0
434.4	0	0	0	0	0
434.7	0	0	0	0	0
435.0	0	0	0	0	0
435.3	0	0	0	0	0
435.6	0	0	0	0	0
435.9	0	0	0	0	0
436.2	0	0	0	0	0
436.5	0	0	0	0	0
436.8	0	0	0	0	0
437.1	0	0	0	0	0
437.4	0	0	0	0	0
437.7	0	0	0	0	0
438.0	0	0	0	0	0
438.3	0	0	0	0	0
438.6	0	0	0	0	0
438.9	0	0	0	0	0
439.2	0	0	0	0	0
439.5	0	0	0	0	0
439.8	0	0	0	0	0
440.1	0	0	0	0	0
440.4	0	0	0	0	0
440.7	0	0	0	0	0
441.0	0	0	0	0	0
441.3	0	0	0	0	0
441.6	0	0	0	0	0
441.9	0	0	0	0	0
442.2	0	0	0	0	0
442.5	0	0	0	0	0
442.8	0	0	0	0	0
443.1	0	0	0	0	0
443.4	0	0	0	0	0
443.7	0	0	0	0	0
444.0	0	0	0	0	0
444.3	0	0	0	0	0
444.6	0	0	0	0	0
444.9	0	0	0	0	0
445.2	0	0	0	0	0
445.5	0	0	0	0	0
445.8	0	0	0	0	0
446.1	0	0	0	0	0
446.4	0	0	0	0	0
446.7	0	0	0	0	0
447.0	0	0	0	0	0
447.3	0	0	0	0	0
447.6	0	0	0	0	0
447.9	0	0	0	0	0
448.2	0	0	0	0	0
448.5	0	0	0	0	0
448.8	0	0	0	0	0
449.1	0	0	0	0	0
449.4	0	0	0	0	0
449.7	0	0	0	0	0
450.0	0	0	0	0	0
450.3	0	0	0	0	0
450.6	0	0	0	0	0
450.9	0	0	0	0	0
451.2	0	0	0	0	0
451.5	0	0	0	0	0
451.8	0	0	0	0	0
452.1	0	0	0	0	0
452.4	0	0	0	0	0
452.7	0	0	0	0	0
453.0	0	0	0	0	0
453.3	0	0	0	0	0
453.6	0	0	0	0	0
453.9	0	0	0	0	0
454.2	0	0	0	0	0
454.5	0	0	0	0	0
454.8	0	0	0	0	0
455.1	0	0	0	0	0
455.4	0	0	0	0	0
455.7	0	0	0	0	0
456.0	0	0	0	0	0
456.3	0	0	0	0	0
456.6	0	0	0	0	0
456.9	0	0	0	0	0
457.2	0	0	0	0	0
457.5	0	0	0	0	0
457.8	0	0	0	0	0
458.1	0	0	0	0	0
458.4	0	0	0	0	0
458.7	0	0	0	0	0
459.0	0	0	0	0	0
459.3	0	0	0	0	0
459.6	0	0	0	0	0
459.9	0	0	0	0	0
460.2	0	0	0	0	0
460.5	0	0	0	0	0
460.8	0	0	0	0	0
461.1	0	0	0	0	0
461.4	0	0	0	0	0
461.7	0	0	0	0	0
462.0	0	0	0	0	0
462.3	0	0	0	0	0
462.6	0	0	0	0	0
462.9	0	0	0	0	0
463.2	0	0	0	0	0
463.5	0	0	0	0	0
463.8	0	0	0	0	0
464.1	0	0	0	0	0
464.4	0	0	0	0	0
464.7	0	0	0	0	0
465.0	0	0	0	0	0
465.3	0	0	0	0	0
465.6	0	0	0	0	0
465.9	0	0	0	0	0
466.2	0	0	0	0	0
466.5	0	0	0	0	0
466.8	0	0	0	0	0
467.1	0	0	0	0	0
467.4	0	0	0	0	0
467.7	0	0	0	0	0
468.0	0	0	0	0	0
468.3	0	0	0	0	0
468.6	0	0	0	0	0
468.9	0	0	0	0	0
469.2	0	0	0	0	0
469.5	0	0	0	0	0
469.8	0	0	0	0	0
470.1	0	0	0	0	0
470.4	0	0	0	0	0
470.7	0	0	0	0	0
471.0	0	0	0	0	0
471.3	0	0	0	0	0
471.6	0	0	0	0	0
471.9	0	0	0	0	0
472.2	0	0	0	0	0
472.5	0	0	0	0	0
472.8	0	0	0	0	0
473.1	0	0	0	0	0
473.4	0	0	0	0	0
473.7	0	0	0	0	0
474.0	0	0	0	0	0
474.3	0	0	0	0	0
474.6	0	0	0	0	0
474.9	0	0	0	0	0
475.2	0	0	0	0	0
475.5	0	0	0	0	0
475.8	0	0	0	0	0
476.1	0	0	0	0	0
476.4	0	0	0	0	0
476.7	0	0	0	0	0
477.0	0	0	0	0	0
477.3	0	0	0	0	0
477.6	0	0	0	0	0
477.9	0	0	0	0	0
478.2	0	0	0	0	0
478.5	0	0	0	0	0
478.8	0	0	0	0	0
479.1	0	0	0	0	0
479.4	0	0	0	0	0
479.7	0	0	0	0	0
480.0	0	0	0	0	0
480.3	0	0	0	0	0
480.6	0	0	0	0	0
480.9	0	0	0	0	0
481.2	0	0	0	0	0
481.5	0	0	0	0	0
481.8	0	0	0	0	0
